object_id,cluster_id,rgb_value,occurence,r_value,g_value,b_value,h_value,s_value,v_value
1,Cluster4,"(165, 105, 75)",9,165,105,75,20,0.55,0.65
1,Cluster1,"(210, 165, 120)",12,210,165,120,30,0.43,0.82
1,Cluster3,"(240, 225, 195)",70,240,225,195,40,0.19,0.94
1,Cluster2,"(75, 90, 60)",4,75,90,60,90,0.33,0.35
1,Cluster5,"(15, 30, 15)",11,15,30,15,120,0.5,0.12
2,Cluster4,"(75, 45, 45)",18,75,45,45,0,0.4,0.29
2,Cluster3,"(135, 135, 105)",26,135,135,105,60,0.22,0.53
2,Cluster2,"(90, 90, 75)",74,90,90,75,60,0.17,0.35
2,Cluster1,"(0, 0, 0)",116,0,0,0,0,0,0
2,Cluster5,"(45, 45, 45)",53,45,45,45,0,0,0.18
3,Cluster4,"(105, 90, 60)",95,105,90,60,40,0.43,0.41
3,Cluster5,"(150, 135, 105)",91,150,135,105,40,0.3,0.59
3,Cluster2,"(180, 165, 135)",99,180,165,135,40,0.25,0.71
3,Cluster1,"(75, 60, 45)",153,75,60,45,30,0.4,0.29
3,Cluster3,"(30, 30, 15)",163,30,30,15,60,0.5,0.12
4,Cluster5,"(135, 120, 90)",101,135,120,90,40,0.33,0.53
4,Cluster4,"(90, 75, 60)",137,90,75,60,30,0.33,0.35
4,Cluster1,"(60, 45, 45)",67,60,45,45,0,0.25,0.24
4,Cluster3,"(225, 225, 210)",53,225,225,210,60,0.07,0.88
5,Cluster5,"(135, 105, 90)",37,135,105,90,20,0.33,0.53
5,Cluster4,"(165, 150, 120)",97,165,150,120,40,0.27,0.65
5,Cluster3,"(45, 45, 30)",96,45,45,30,60,0.33,0.18
5,Cluster2,"(180, 180, 165)",51,180,180,165,60,0.08,0.71
6,Cluster1,"(180, 135, 90)",27,180,135,90,30,0.5,0.71
6,Cluster4,"(135, 90, 60)",31,135,90,60,24,0.56,0.53
6,Cluster2,"(225, 195, 165)",50,225,195,165,30,0.27,0.88
6,Cluster3,"(75, 60, 30)",62,75,60,30,40,0.6,0.29
7,Cluster3,"(90, 75, 45)",74,90,75,45,40,0.5,0.35
7,Cluster5,"(135, 120, 105)",86,135,120,105,30,0.22,0.53
7,Cluster4,"(165, 180, 195)",2,165,180,195,210,0.15,0.76
7,Cluster2,"(210, 210, 210)",20,210,210,210,0,0,0.82
8,Cluster3,"(135, 105, 60)",41,135,105,60,36,0.56,0.53
8,Cluster5,"(180, 165, 120)",35,180,165,120,45,0.33,0.71
8,Cluster2,"(60, 30, 15)",19,60,30,15,20,0.75,0.24
9,Cluster1,"(120, 105, 60)",32,120,105,60,45,0.5,0.47
9,Cluster5,"(150, 150, 105)",5,150,150,105,60,0.3,0.59
9,Cluster2,"(180, 180, 135)",4,180,180,135,60,0.25,0.71
9,Cluster3,"(15, 30, 30)",14,15,30,30,180,0.5,0.12
10,Cluster3,"(210, 180, 150)",69,210,180,150,30,0.29,0.82
10,Cluster4,"(105, 75, 60)",57,105,75,60,20,0.43,0.41
10,Cluster1,"(60, 45, 30)",144,60,45,30,30,0.5,0.24
10,Cluster2,"(30, 30, 30)",130,30,30,30,0,0,0.12
11,Cluster3,"(120, 60, 30)",6,120,60,30,20,0.75,0.47
11,Cluster2,"(165, 120, 75)",26,165,120,75,30,0.55,0.65
11,Cluster5,"(225, 195, 150)",24,225,195,150,36,0.33,0.88
11,Cluster4,"(75, 45, 15)",11,75,45,15,30,0.8,0.29
11,Cluster1,"(30, 15, 15)",101,30,15,15,0,0.5,0.12
12,Cluster5,"(120, 150, 195)",1,120,150,195,216,0.38,0.76
12,Cluster3,"(165, 150, 150)",22,165,150,150,0,0.09,0.65
12,Cluster1,"(105, 90, 105)",1,105,90,105,300,0.14,0.41
12,Cluster4,"(15, 15, 15)",131,15,15,15,0,0,0.06
12,Cluster2,"(195, 195, 195)",21,195,195,195,0,0,0.76
13,Cluster2,"(135, 105, 45)",12,135,105,45,40,0.67,0.53
13,Cluster5,"(90, 60, 15)",11,90,60,15,36,0.83,0.35
13,Cluster4,"(195, 165, 120)",47,195,165,120,36,0.38,0.76
13,Cluster1,"(75, 30, 15)",5,75,30,15,15,0.8,0.29
13,Cluster3,"(15, 15, 0)",41,15,15,0,60,1,0.06
14,Cluster3,"(165, 120, 105)",2,165,120,105,15,0.36,0.65
14,Cluster2,"(195, 165, 150)",32,195,165,150,20,0.23,0.76
14,Cluster5,"(105, 90, 75)",107,105,90,75,30,0.29,0.41
15,Cluster5,"(150, 105, 75)",37,150,105,75,24,0.5,0.59
15,Cluster1,"(180, 165, 150)",90,180,165,150,30,0.17,0.71
16,Cluster4,"(105, 75, 30)",19,105,75,30,36,0.71,0.41
16,Cluster3,"(195, 165, 135)",87,195,165,135,30,0.31,0.76
16,Cluster5,"(60, 45, 15)",21,60,45,15,40,0.75,0.24
17,Cluster3,"(240, 195, 150)",3,240,195,150,30,0.37,0.94
17,Cluster2,"(120, 90, 45)",20,120,90,45,36,0.62,0.47
17,Cluster4,"(90, 60, 30)",59,90,60,30,30,0.67,0.35
18,Cluster5,"(90, 75, 30)",11,90,75,30,45,0.67,0.35
18,Cluster1,"(75, 45, 30)",53,75,45,30,20,0.6,0.29
18,Cluster4,"(45, 30, 15)",87,45,30,15,30,0.67,0.18
20,Cluster3,"(150, 135, 135)",29,150,135,135,0,0.1,0.59
20,Cluster1,"(75, 75, 60)",99,75,75,60,60,0.2,0.29
20,Cluster4,"(105, 105, 105)",30,105,105,105,0,0,0.41
21,Cluster5,"(165, 120, 60)",14,165,120,60,34.29,0.64,0.65
21,Cluster4,"(210, 195, 120)",2,210,195,120,50,0.43,0.82
21,Cluster1,"(105, 60, 30)",15,105,60,30,24,0.71,0.41
21,Cluster2,"(240, 240, 195)",2,240,240,195,60,0.19,0.94
22,Cluster4,"(135, 120, 75)",17,135,120,75,45,0.44,0.53
22,Cluster3,"(165, 150, 105)",19,165,150,105,45,0.36,0.65
24,Cluster3,"(120, 90, 75)",33,120,90,75,20,0.37,0.47
24,Cluster1,"(45, 30, 30)",97,45,30,30,0,0.33,0.18
25,Cluster4,"(45, 30, 0)",1,45,30,0,40,1,0.18
25,Cluster2,"(165, 165, 150)",61,165,165,150,60,0.09,0.65
26,Cluster3,"(210, 165, 105)",9,210,165,105,34.29,0.5,0.82
26,Cluster2,"(105, 75, 45)",60,105,75,45,30,0.57,0.41
26,Cluster4,"(105, 120, 105)",11,105,120,105,120,0.13,0.47
27,Cluster4,"(165, 150, 135)",120,165,150,135,30,0.18,0.65
27,Cluster3,"(255, 240, 225)",48,255,240,225,30,0.12,1
27,Cluster2,"(180, 180, 150)",26,180,180,150,60,0.17,0.71
27,Cluster1,"(135, 135, 120)",78,135,135,120,60,0.11,0.53
27,Cluster5,"(90, 90, 90)",30,90,90,90,0,0,0.35
28,Cluster2,"(75, 75, 75)",49,75,75,75,0,0,0.29
28,Cluster5,"(135, 135, 135)",17,135,135,135,0,0,0.53
28,Cluster4,"(165, 165, 165)",20,165,165,165,0,0,0.65
29,Cluster3,"(150, 120, 45)",2,150,120,45,42.86,0.7,0.59
29,Cluster2,"(75, 60, 15)",9,75,60,15,45,0.8,0.29
29,Cluster1,"(225, 210, 195)",121,225,210,195,30,0.13,0.88
29,Cluster5,"(30, 30, 0)",3,30,30,0,60,1,0.12
29,Cluster4,"(180, 180, 180)",31,180,180,180,0,0,0.71
31,Cluster5,"(225, 225, 225)",20,225,225,225,0,0,0.88
32,Cluster2,"(195, 180, 135)",33,195,180,135,45,0.31,0.76
32,Cluster3,"(120, 105, 90)",109,120,105,90,30,0.25,0.47
33,Cluster4,"(120, 105, 75)",86,120,105,75,40,0.37,0.47
33,Cluster3,"(210, 195, 195)",16,210,195,195,0,0.07,0.82
33,Cluster1,"(150, 150, 150)",26,150,150,150,0,0,0.59
34,Cluster4,"(105, 90, 30)",3,105,90,30,48,0.71,0.41
35,Cluster2,"(150, 120, 90)",79,150,120,90,30,0.4,0.59
37,Cluster4,"(90, 60, 45)",50,90,60,45,20,0.5,0.35
38,Cluster4,"(135, 105, 75)",71,135,105,75,30,0.44,0.53
38,Cluster3,"(180, 150, 120)",82,180,150,120,30,0.33,0.71
38,Cluster2,"(210, 195, 180)",117,210,195,180,30,0.14,0.82
39,Cluster4,"(210, 180, 165)",24,210,180,165,20,0.21,0.82
39,Cluster2,"(150, 135, 120)",99,150,135,120,30,0.2,0.59
40,Cluster5,"(90, 45, 30)",12,90,45,30,15,0.67,0.35
40,Cluster3,"(60, 75, 90)",4,60,75,90,210,0.33,0.35
40,Cluster1,"(195, 180, 165)",122,195,180,165,30,0.15,0.76
41,Cluster4,"(180, 150, 105)",47,180,150,105,36,0.42,0.71
41,Cluster3,"(120, 105, 45)",6,120,105,45,48,0.62,0.47
41,Cluster5,"(75, 120, 120)",3,75,120,120,180,0.37,0.47
41,Cluster2,"(30, 45, 45)",11,30,45,45,180,0.33,0.18
41,Cluster1,"(210, 210, 195)",26,210,210,195,60,0.07,0.82
43,Cluster1,"(225, 210, 180)",82,225,210,180,40,0.2,0.88
43,Cluster5,"(240, 225, 210)",149,240,225,210,30,0.13,0.94
44,Cluster4,"(105, 90, 45)",10,105,90,45,45,0.57,0.41
44,Cluster1,"(150, 135, 90)",25,150,135,90,45,0.4,0.59
45,Cluster4,"(240, 210, 195)",18,240,210,195,20,0.19,0.94
45,Cluster2,"(195, 180, 150)",98,195,180,150,40,0.23,0.76
45,Cluster5,"(90, 75, 75)",42,90,75,75,0,0.17,0.35
46,Cluster2,"(165, 150, 90)",9,165,150,90,48,0.45,0.65
46,Cluster4,"(0, 15, 15)",5,0,15,15,180,1,0.06
47,Cluster3,"(120, 60, 15)",2,120,60,15,25.71,0.88,0.47
47,Cluster2,"(210, 180, 120)",12,210,180,120,40,0.43,0.82
47,Cluster4,"(150, 120, 75)",32,150,120,75,36,0.5,0.59
47,Cluster1,"(30, 15, 0)",21,30,15,0,30,1,0.12
48,Cluster4,"(225, 225, 195)",30,225,225,195,60,0.13,0.88
49,Cluster1,"(135, 135, 90)",5,135,135,90,60,0.33,0.53
50,Cluster5,"(90, 90, 60)",23,90,90,60,60,0.33,0.35
50,Cluster3,"(210, 225, 195)",1,210,225,195,90,0.13,0.88
51,Cluster2,"(45, 45, 15)",5,45,45,15,60,0.67,0.18
52,Cluster2,"(150, 135, 75)",7,150,135,75,48,0.5,0.59
52,Cluster3,"(60, 60, 45)",95,60,60,45,60,0.25,0.24
53,Cluster5,"(195, 195, 180)",55,195,195,180,60,0.08,0.76
53,Cluster2,"(240, 240, 225)",84,240,240,225,60,0.06,0.94
54,Cluster4,"(240, 240, 240)",34,240,240,240,0,0,0.94
55,Cluster3,"(120, 90, 60)",78,120,90,60,30,0.5,0.47
56,Cluster3,"(105, 120, 120)",8,105,120,120,180,0.13,0.47
56,Cluster2,"(165, 180, 180)",7,165,180,180,180,0.08,0.71
57,Cluster2,"(150, 90, 75)",3,150,90,75,12,0.5,0.59
57,Cluster5,"(60, 30, 30)",13,60,30,30,0,0.5,0.24
58,Cluster4,"(225, 210, 165)",21,225,210,165,45,0.27,0.88
59,Cluster4,"(120, 135, 150)",5,120,135,150,210,0.2,0.59
59,Cluster1,"(90, 90, 105)",5,90,90,105,240,0.14,0.41
61,Cluster5,"(180, 150, 90)",18,180,150,90,40,0.5,0.71
61,Cluster3,"(240, 225, 180)",10,240,225,180,45,0.25,0.94
66,Cluster2,"(210, 180, 135)",30,210,180,135,36,0.36,0.82
67,Cluster5,"(180, 135, 45)",1,180,135,45,40,0.75,0.71
67,Cluster4,"(210, 195, 150)",30,210,195,150,45,0.29,0.82
68,Cluster3,"(210, 195, 165)",108,210,195,165,40,0.21,0.82
69,Cluster3,"(180, 120, 75)",6,180,120,75,25.71,0.58,0.71
69,Cluster1,"(195, 150, 90)",9,195,150,90,34.29,0.54,0.76
69,Cluster4,"(135, 90, 45)",13,135,90,45,30,0.67,0.53
69,Cluster2,"(90, 45, 15)",9,90,45,15,24,0.83,0.35
70,Cluster1,"(165, 105, 60)",5,165,105,60,25.71,0.64,0.65
70,Cluster4,"(60, 15, 15)",1,60,15,15,0,0.75,0.24
71,Cluster3,"(150, 105, 30)",1,150,105,30,37.5,0.8,0.59
71,Cluster2,"(90, 30, 0)",1,90,30,0,20,1,0.35
72,Cluster3,"(255, 240, 195)",1,255,240,195,45,0.24,1
72,Cluster1,"(75, 75, 45)",24,75,75,45,60,0.4,0.29
74,Cluster5,"(195, 195, 165)",23,195,195,165,60,0.15,0.76
76,Cluster5,"(105, 75, 15)",4,105,75,15,40,0.86,0.41
76,Cluster2,"(150, 120, 60)",16,150,120,60,40,0.6,0.59
77,Cluster4,"(195, 165, 105)",17,195,165,105,40,0.46,0.76
78,Cluster3,"(60, 60, 30)",20,60,60,30,60,0.5,0.24
80,Cluster2,"(135, 150, 150)",13,135,150,150,180,0.1,0.59
81,Cluster5,"(105, 105, 75)",21,105,105,75,60,0.29,0.41
82,Cluster1,"(75, 105, 90)",3,75,105,90,150,0.29,0.41
82,Cluster2,"(60, 60, 60)",53,60,60,60,0,0,0.24
83,Cluster3,"(240, 210, 180)",18,240,210,180,30,0.25,0.94
84,Cluster1,"(60, 90, 90)",4,60,90,90,180,0.33,0.35
84,Cluster4,"(105, 120, 135)",7,105,120,135,210,0.22,0.53
84,Cluster2,"(150, 165, 165)",3,150,165,165,180,0.09,0.65
84,Cluster5,"(195, 210, 210)",3,195,210,210,180,0.07,0.82
85,Cluster3,"(15, 0, 0)",30,15,0,0,0,1,0.06
85,Cluster2,"(195, 210, 195)",3,195,210,195,120,0.07,0.82
87,Cluster5,"(90, 90, 30)",2,90,90,30,60,0.67,0.35
87,Cluster2,"(120, 135, 120)",14,120,135,120,120,0.11,0.53
88,Cluster3,"(165, 105, 15)",1,165,105,15,36,0.91,0.65
88,Cluster2,"(150, 210, 210)",1,150,210,210,180,0.29,0.82
89,Cluster2,"(150, 150, 135)",77,150,150,135,60,0.1,0.59
90,Cluster4,"(90, 105, 150)",2,90,105,150,225,0.4,0.59
90,Cluster5,"(135, 150, 165)",6,135,150,165,210,0.18,0.65
91,Cluster1,"(150, 105, 60)",27,150,105,60,30,0.6,0.59
91,Cluster3,"(165, 135, 75)",15,165,135,75,40,0.55,0.65
92,Cluster4,"(210, 225, 210)",1,210,225,210,120,0.07,0.88
94,Cluster4,"(180, 120, 45)",4,180,120,45,33.33,0.75,0.71
94,Cluster3,"(30, 15, 30)",2,30,15,30,300,0.5,0.12
95,Cluster1,"(75, 75, 30)",4,75,75,30,60,0.6,0.29
97,Cluster3,"(165, 135, 90)",41,165,135,90,36,0.45,0.65
98,Cluster2,"(45, 60, 30)",2,45,60,30,90,0.5,0.24
98,Cluster5,"(120, 120, 105)",68,120,120,105,60,0.13,0.47
103,Cluster2,"(210, 210, 180)",26,210,210,180,60,0.14,0.82
104,Cluster2,"(195, 180, 180)",17,195,180,180,0,0.08,0.76
105,Cluster4,"(135, 120, 120)",26,135,120,120,0,0.11,0.53
106,Cluster5,"(150, 60, 30)",2,150,60,30,15,0.8,0.59
106,Cluster1,"(210, 135, 105)",1,210,135,105,17.14,0.5,0.82
106,Cluster4,"(75, 90, 90)",7,75,90,90,180,0.17,0.35
107,Cluster5,"(120, 120, 90)",25,120,120,90,60,0.25,0.47
108,Cluster5,"(120, 120, 75)",3,120,120,75,60,0.37,0.47
111,Cluster3,"(75, 120, 105)",1,75,120,105,160,0.37,0.47
112,Cluster1,"(165, 165, 135)",21,165,165,135,60,0.18,0.65
115,Cluster3,"(90, 90, 45)",5,90,90,45,60,0.5,0.35
117,Cluster5,"(165, 135, 120)",32,165,135,120,20,0.27,0.65
120,Cluster4,"(150, 150, 120)",27,150,150,120,60,0.2,0.59
120,Cluster2,"(210, 225, 225)",1,210,225,225,180,0.07,0.88
121,Cluster4,"(180, 105, 75)",2,180,105,75,17.14,0.58,0.71
121,Cluster5,"(120, 60, 45)",4,120,60,45,12,0.62,0.47
122,Cluster2,"(255, 240, 240)",12,255,240,240,0,0.06,1
122,Cluster1,"(60, 75, 60)",10,60,75,60,120,0.2,0.29
122,Cluster5,"(90, 105, 90)",8,90,105,90,120,0.14,0.41
123,Cluster3,"(210, 180, 105)",3,210,180,105,42.86,0.5,0.82
123,Cluster1,"(120, 75, 30)",7,120,75,30,30,0.75,0.47
123,Cluster4,"(120, 120, 120)",14,120,120,120,0,0,0.47
124,Cluster4,"(105, 105, 90)",88,105,105,90,60,0.14,0.41
126,Cluster4,"(165, 120, 90)",23,165,120,90,24,0.45,0.65
126,Cluster3,"(15, 15, 30)",4,15,15,30,240,0.5,0.12
128,Cluster1,"(90, 135, 150)",3,90,135,150,195,0.4,0.59
128,Cluster5,"(165, 165, 180)",3,165,165,180,240,0.08,0.71
134,Cluster2,"(150, 120, 105)",43,150,120,105,20,0.3,0.59
135,Cluster3,"(195, 135, 45)",1,195,135,45,36,0.77,0.76
138,Cluster3,"(165, 45, 15)",1,165,45,15,12,0.91,0.65
138,Cluster2,"(195, 165, 165)",3,195,165,165,0,0.15,0.76
138,Cluster5,"(120, 105, 105)",35,120,105,105,0,0.13,0.47
138,Cluster1,"(15, 0, 15)",6,15,0,15,300,1,0.06
145,Cluster2,"(195, 165, 90)",6,195,165,90,42.86,0.54,0.76
148,Cluster4,"(165, 135, 105)",56,165,135,105,30,0.36,0.65
148,Cluster2,"(180, 165, 165)",18,180,165,165,0,0.08,0.71
150,Cluster5,"(225, 195, 180)",19,225,195,180,20,0.2,0.88
150,Cluster4,"(120, 90, 90)",5,120,90,90,0,0.25,0.47
154,Cluster4,"(30, 45, 60)",2,30,45,60,210,0.5,0.24
154,Cluster3,"(75, 90, 105)",4,75,90,105,210,0.29,0.41
154,Cluster2,"(60, 75, 75)",10,60,75,75,180,0.2,0.29
156,Cluster3,"(120, 75, 15)",5,120,75,15,34.29,0.88,0.47
158,Cluster1,"(195, 150, 105)",23,195,150,105,30,0.46,0.76
159,Cluster3,"(0, 60, 60)",1,0,60,60,180,1,0.24
161,Cluster4,"(120, 75, 45)",20,120,75,45,24,0.62,0.47
162,Cluster5,"(150, 45, 15)",1,150,45,15,13.33,0.9,0.59
167,Cluster5,"(120, 150, 105)",2,120,150,105,100,0.3,0.59
167,Cluster2,"(150, 165, 135)",3,150,165,135,90,0.18,0.65
172,Cluster5,"(75, 105, 120)",6,75,105,120,200,0.37,0.47
175,Cluster2,"(120, 135, 135)",8,120,135,135,180,0.11,0.53
176,Cluster5,"(225, 210, 135)",1,225,210,135,50,0.4,0.88
181,Cluster5,"(135, 90, 30)",6,135,90,30,34.29,0.78,0.53
183,Cluster2,"(45, 60, 45)",7,45,60,45,120,0.25,0.24
184,Cluster2,"(240, 240, 210)",29,240,240,210,60,0.13,0.94
190,Cluster2,"(225, 180, 150)",6,225,180,150,24,0.33,0.88
191,Cluster2,"(225, 240, 225)",1,225,240,225,120,0.06,0.94
192,Cluster2,"(150, 105, 45)",9,150,105,45,34.29,0.7,0.59
193,Cluster1,"(135, 150, 135)",8,135,150,135,120,0.1,0.59
194,Cluster2,"(105, 120, 90)",6,105,120,90,90,0.25,0.47
195,Cluster3,"(30, 90, 105)",1,30,90,105,192,0.71,0.41
196,Cluster4,"(180, 150, 135)",27,180,150,135,20,0.25,0.71
199,Cluster2,"(180, 30, 45)",1,180,30,45,354,0.83,0.71
200,Cluster5,"(225, 105, 90)",1,225,105,90,6.67,0.6,0.88
200,Cluster1,"(165, 75, 60)",3,165,75,60,8.57,0.64,0.65
200,Cluster3,"(240, 165, 135)",1,240,165,135,17.14,0.44,0.94
200,Cluster4,"(105, 60, 45)",11,105,60,45,15,0.57,0.41
201,Cluster4,"(30, 45, 30)",11,30,45,30,120,0.33,0.18
205,Cluster2,"(135, 45, 30)",3,135,45,30,8.57,0.78,0.53
208,Cluster2,"(195, 150, 135)",5,195,150,135,15,0.31,0.76
209,Cluster2,"(30, 30, 45)",4,30,30,45,240,0.33,0.18
210,Cluster1,"(150, 60, 45)",1,150,60,45,8.57,0.7,0.59
210,Cluster4,"(180, 135, 105)",23,180,135,105,24,0.42,0.71
215,Cluster5,"(180, 120, 90)",6,180,120,90,20,0.5,0.71
215,Cluster3,"(195, 150, 120)",19,195,150,120,24,0.38,0.76
218,Cluster2,"(150, 45, 30)",3,150,45,30,7.5,0.8,0.59
225,Cluster1,"(150, 165, 180)",2,150,165,180,210,0.17,0.71
228,Cluster2,"(15, 75, 120)",1,15,75,120,205.71,0.88,0.47
229,Cluster1,"(120, 75, 60)",14,120,75,60,15,0.5,0.47
229,Cluster4,"(45, 75, 105)",3,45,75,105,210,0.57,0.41
230,Cluster5,"(210, 165, 90)",5,210,165,90,37.5,0.57,0.82
233,Cluster4,"(90, 105, 105)",8,90,105,105,180,0.14,0.41
234,Cluster1,"(90, 105, 120)",8,90,105,120,210,0.25,0.47
236,Cluster2,"(45, 45, 60)",4,45,45,60,240,0.25,0.24
237,Cluster5,"(180, 135, 75)",15,180,135,75,34.29,0.58,0.71
237,Cluster3,"(120, 90, 30)",5,120,90,30,40,0.75,0.47
239,Cluster5,"(255, 240, 210)",15,255,240,210,40,0.18,1
242,Cluster1,"(165, 75, 45)",2,165,75,45,15,0.73,0.65
242,Cluster5,"(240, 225, 225)",31,240,225,225,0,0.06,0.94
243,Cluster3,"(150, 90, 60)",8,150,90,60,20,0.6,0.59
244,Cluster4,"(135, 75, 45)",8,135,75,45,20,0.67,0.53
245,Cluster3,"(150, 75, 60)",3,150,75,60,10,0.6,0.59
245,Cluster5,"(165, 105, 90)",1,165,105,90,12,0.45,0.65
246,Cluster4,"(105, 60, 15)",4,105,60,15,30,0.86,0.41
247,Cluster2,"(135, 75, 60)",3,135,75,60,12,0.56,0.53
248,Cluster2,"(165, 60, 45)",2,165,60,45,7.5,0.73,0.65
248,Cluster3,"(195, 135, 105)",3,195,135,105,20,0.46,0.76
250,Cluster4,"(180, 105, 30)",1,180,105,30,30,0.83,0.71
250,Cluster2,"(135, 60, 15)",4,135,60,15,22.5,0.89,0.53
253,Cluster5,"(180, 75, 45)",1,180,75,45,13.33,0.75,0.71
253,Cluster2,"(210, 135, 60)",1,210,135,60,30,0.71,0.82
253,Cluster4,"(225, 180, 165)",1,225,180,165,15,0.27,0.88
253,Cluster1,"(60, 60, 75)",4,60,60,75,240,0.2,0.29
254,Cluster1,"(90, 60, 60)",4,90,60,60,0,0.33,0.35
255,Cluster5,"(210, 150, 75)",2,210,150,75,33.33,0.64,0.82
258,Cluster2,"(210, 135, 0)",1,210,135,0,38.57,1,0.82
261,Cluster1,"(180, 120, 60)",4,180,120,60,30,0.67,0.71
263,Cluster2,"(180, 105, 45)",2,180,105,45,26.67,0.75,0.71
266,Cluster1,"(150, 45, 45)",1,150,45,45,0,0.7,0.59
266,Cluster4,"(105, 90, 90)",41,105,90,90,0,0.14,0.41
267,Cluster2,"(180, 120, 30)",1,180,120,30,36,0.83,0.71
268,Cluster2,"(165, 60, 30)",2,165,60,30,13.33,0.82,0.65
268,Cluster1,"(225, 165, 105)",1,225,165,105,30,0.53,0.88
271,Cluster3,"(180, 165, 105)",2,180,165,105,48,0.42,0.71
271,Cluster2,"(60, 75, 45)",4,60,75,45,90,0.4,0.29
273,Cluster4,"(225, 165, 45)",1,225,165,45,40,0.8,0.88
275,Cluster1,"(165, 90, 45)",3,165,90,45,22.5,0.73,0.65
275,Cluster5,"(180, 195, 195)",2,180,195,195,180,0.08,0.76
277,Cluster1,"(135, 75, 30)",4,135,75,30,25.71,0.78,0.53
277,Cluster3,"(210, 150, 105)",2,210,150,105,25.71,0.5,0.82
277,Cluster2,"(240, 210, 165)",4,240,210,165,36,0.31,0.94
278,Cluster1,"(135, 60, 45)",2,135,60,45,10,0.67,0.53
278,Cluster2,"(0, 15, 0)",1,0,15,0,120,1,0.06
280,Cluster5,"(165, 135, 135)",5,165,135,135,0,0.18,0.65
298,Cluster2,"(135, 90, 75)",9,135,90,75,15,0.44,0.53
300,Cluster2,"(225, 180, 120)",4,225,180,120,34.29,0.47,0.88
301,Cluster4,"(195, 150, 75)",6,195,150,75,37.5,0.62,0.76
304,Cluster2,"(210, 195, 135)",2,210,195,135,48,0.36,0.82
313,Cluster2,"(255, 255, 255)",24,255,255,255,0,0,1
321,Cluster5,"(75, 60, 60)",56,75,60,60,0,0.2,0.29
331,Cluster2,"(255, 225, 195)",1,255,225,195,30,0.24,1
333,Cluster4,"(45, 30, 45)",1,45,30,45,300,0.33,0.18
334,Cluster3,"(240, 225, 165)",2,240,225,165,48,0.31,0.94
337,Cluster4,"(105, 135, 120)",1,105,135,120,150,0.22,0.53
342,Cluster4,"(45, 60, 75)",4,45,60,75,210,0.4,0.29
342,Cluster2,"(75, 75, 90)",3,75,75,90,240,0.17,0.35
353,Cluster4,"(60, 105, 135)",1,60,105,135,204,0.56,0.53
353,Cluster3,"(30, 60, 90)",4,30,60,90,210,0.67,0.35
369,Cluster1,"(225, 210, 210)",14,225,210,210,0,0.07,0.88
380,Cluster2,"(210, 120, 105)",1,210,120,105,8.57,0.5,0.82
385,Cluster3,"(165, 90, 75)",1,165,90,75,10,0.55,0.65
386,Cluster3,"(180, 195, 180)",4,180,195,180,120,0.08,0.76
387,Cluster4,"(180, 60, 75)",1,180,60,75,352.5,0.67,0.71
390,Cluster4,"(195, 75, 75)",1,195,75,75,0,0.62,0.76
395,Cluster3,"(90, 135, 105)",1,90,135,105,140,0.33,0.53
398,Cluster3,"(180, 75, 60)",2,180,75,60,7.5,0.67,0.71
400,Cluster2,"(195, 90, 75)",1,195,90,75,7.5,0.62,0.76
400,Cluster1,"(225, 195, 135)",6,225,195,135,40,0.4,0.88
402,Cluster1,"(135, 45, 45)",2,135,45,45,0,0.67,0.53
402,Cluster5,"(135, 135, 150)",2,135,135,150,240,0.1,0.59
403,Cluster5,"(150, 180, 195)",1,150,180,195,200,0.23,0.76
404,Cluster1,"(255, 255, 225)",5,255,255,225,60,0.12,1
407,Cluster1,"(240, 180, 30)",1,240,180,30,42.86,0.88,0.94
407,Cluster2,"(150, 60, 60)",1,150,60,60,0,0.6,0.59
408,Cluster2,"(255, 255, 240)",6,255,255,240,60,0.06,1
409,Cluster5,"(0, 150, 135)",1,0,150,135,174,1,0.59
410,Cluster4,"(180, 90, 75)",2,180,90,75,8.57,0.58,0.71
413,Cluster4,"(195, 120, 105)",1,195,120,105,10,0.46,0.76
419,Cluster4,"(75, 90, 120)",2,75,90,120,220,0.37,0.47
430,Cluster3,"(225, 180, 75)",1,225,180,75,42,0.67,0.88
460,Cluster2,"(135, 165, 120)",1,135,165,120,100,0.27,0.65
491,Cluster4,"(180, 150, 45)",1,180,150,45,46.67,0.75,0.71
525,Cluster2,"(210, 165, 135)",11,210,165,135,24,0.36,0.82
535,Cluster1,"(210, 165, 150)",2,210,165,150,15,0.29,0.82
543,Cluster5,"(180, 135, 120)",2,180,135,120,15,0.33,0.71
545,Cluster5,"(210, 195, 105)",1,210,195,105,51.43,0.5,0.82
545,Cluster1,"(240, 225, 135)",2,240,225,135,51.43,0.44,0.94
546,Cluster1,"(240, 210, 120)",2,240,210,120,45,0.5,0.94
564,Cluster3,"(195, 120, 75)",1,195,120,75,22.5,0.62,0.76
566,Cluster5,"(150, 105, 90)",6,150,105,90,15,0.4,0.59
592,Cluster2,"(180, 120, 105)",2,180,120,105,12,0.42,0.71
592,Cluster1,"(240, 195, 165)",3,240,195,165,24,0.31,0.94
599,Cluster2,"(150, 120, 120)",1,150,120,120,0,0.2,0.59
619,Cluster5,"(195, 195, 210)",1,195,195,210,240,0.07,0.82
653,Cluster5,"(105, 150, 135)",1,105,150,135,160,0.3,0.59
653,Cluster1,"(135, 165, 150)",2,135,165,150,150,0.18,0.65
776,Cluster2,"(165, 180, 165)",5,165,180,165,120,0.08,0.71
856,Cluster4,"(150, 60, 15)",2,150,60,15,20,0.9,0.59
904,Cluster2,"(105, 75, 75)",2,105,75,75,0,0.29,0.41
906,Cluster3,"(225, 210, 150)",5,225,210,150,48,0.33,0.88
907,Cluster1,"(165, 60, 15)",2,165,60,15,18,0.91,0.65
907,Cluster2,"(0, 15, 30)",1,0,15,30,210,1,0.12
913,Cluster4,"(30, 90, 120)",1,30,90,120,200,0.75,0.47
915,Cluster3,"(45, 75, 75)",2,45,75,75,180,0.4,0.29
918,Cluster5,"(180, 90, 30)",1,180,90,30,24,0.83,0.71
921,Cluster5,"(90, 45, 45)",3,90,45,45,0,0.5,0.35
923,Cluster4,"(135, 45, 15)",1,135,45,15,15,0.89,0.53
924,Cluster2,"(165, 195, 195)",1,165,195,195,180,0.15,0.76
925,Cluster4,"(120, 150, 150)",5,120,150,150,180,0.2,0.59
926,Cluster4,"(135, 75, 15)",1,135,75,15,30,0.89,0.53
926,Cluster1,"(165, 120, 45)",4,165,120,45,37.5,0.73,0.65
929,Cluster5,"(195, 180, 120)",3,195,180,120,48,0.38,0.76
933,Cluster4,"(210, 210, 165)",3,210,210,165,60,0.21,0.82
942,Cluster3,"(165, 165, 120)",2,165,165,120,60,0.27,0.65
961,Cluster4,"(90, 120, 135)",3,90,120,135,200,0.33,0.53
963,Cluster5,"(30, 90, 135)",1,30,90,135,205.71,0.78,0.53
968,Cluster2,"(120, 135, 165)",2,120,135,165,220,0.27,0.65
969,Cluster5,"(165, 150, 75)",2,165,150,75,50,0.55,0.65
969,Cluster2,"(90, 105, 75)",3,90,105,75,90,0.29,0.41
976,Cluster1,"(90, 120, 105)",2,90,120,105,150,0.25,0.47
977,Cluster3,"(90, 150, 150)",1,90,150,150,180,0.4,0.59
980,Cluster1,"(150, 75, 45)",4,150,75,45,17.14,0.7,0.59
980,Cluster5,"(75, 30, 30)",3,75,30,30,0,0.6,0.29
981,Cluster3,"(240, 195, 135)",2,240,195,135,34.29,0.44,0.94
990,Cluster2,"(45, 90, 120)",3,45,90,120,204,0.62,0.47
994,Cluster3,"(45, 60, 15)",1,45,60,15,80,0.75,0.24
997,Cluster5,"(90, 150, 165)",1,90,150,165,192,0.45,0.65
1009,Cluster3,"(210, 90, 15)",1,210,90,15,23.08,0.93,0.82
1009,Cluster5,"(120, 105, 30)",1,120,105,30,50,0.75,0.47
1009,Cluster2,"(180, 165, 90)",1,180,165,90,50,0.5,0.71
1010,Cluster5,"(60, 30, 0)",1,60,30,0,30,1,0.24
1011,Cluster4,"(195, 75, 15)",1,195,75,15,20,0.92,0.76
1016,Cluster2,"(150, 150, 90)",1,150,150,90,60,0.4,0.59
1016,Cluster5,"(60, 60, 15)",2,60,60,15,60,0.75,0.24
1016,Cluster1,"(15, 30, 0)",1,15,30,0,90,1,0.12
1018,Cluster1,"(105, 45, 45)",2,105,45,45,0,0.57,0.41
1020,Cluster2,"(120, 45, 30)",5,120,45,30,10,0.75,0.47
1026,Cluster2,"(105, 150, 150)",4,105,150,150,180,0.3,0.59
1032,Cluster2,"(180, 195, 165)",3,180,195,165,90,0.15,0.76
1032,Cluster5,"(150, 165, 150)",1,150,165,150,120,0.09,0.65
1040,Cluster1,"(105, 30, 15)",2,105,30,15,10,0.86,0.41
1041,Cluster2,"(105, 135, 165)",1,105,135,165,210,0.36,0.65
1043,Cluster5,"(105, 30, 30)",1,105,30,30,0,0.71,0.41
1044,Cluster3,"(165, 135, 45)",2,165,135,45,45,0.73,0.65
1051,Cluster4,"(45, 90, 75)",2,45,90,75,160,0.5,0.35
1056,Cluster5,"(135, 120, 60)",3,135,120,60,48,0.56,0.53
1060,Cluster3,"(105, 135, 135)",2,105,135,135,180,0.22,0.53
1061,Cluster5,"(75, 105, 105)",3,75,105,105,180,0.29,0.41
1069,Cluster4,"(120, 45, 15)",2,120,45,15,17.14,0.88,0.47
1083,Cluster5,"(60, 90, 105)",1,60,90,105,200,0.43,0.41
1092,Cluster1,"(60, 105, 120)",2,60,105,120,195,0.5,0.47
1093,Cluster3,"(195, 150, 30)",1,195,150,30,43.64,0.85,0.76
1095,Cluster4,"(180, 180, 120)",1,180,180,120,60,0.33,0.71
1095,Cluster1,"(105, 135, 150)",1,105,135,150,200,0.3,0.59
1107,Cluster4,"(180, 150, 75)",2,180,150,75,42.86,0.58,0.71
1108,Cluster3,"(150, 90, 45)",11,150,90,45,25.71,0.7,0.59
1108,Cluster5,"(105, 45, 30)",5,105,45,30,12,0.71,0.41
1115,Cluster2,"(150, 165, 120)",1,150,165,120,80,0.27,0.65
1115,Cluster1,"(105, 135, 105)",1,105,135,105,120,0.22,0.53
1116,Cluster2,"(60, 75, 30)",1,60,75,30,80,0.6,0.29
1117,Cluster2,"(90, 120, 120)",2,90,120,120,180,0.25,0.47
1118,Cluster5,"(210, 180, 60)",1,210,180,60,48,0.71,0.82
1118,Cluster1,"(225, 195, 90)",1,225,195,90,46.67,0.6,0.88
1118,Cluster3,"(165, 195, 150)",1,165,195,150,100,0.23,0.76
1119,Cluster1,"(135, 150, 60)",1,135,150,60,70,0.6,0.59
1119,Cluster2,"(30, 60, 30)",1,30,60,30,120,0.5,0.24
1120,Cluster3,"(195, 105, 30)",3,195,105,30,27.27,0.85,0.76
1121,Cluster3,"(225, 180, 30)",1,225,180,30,46.15,0.87,0.88
1123,Cluster4,"(30, 60, 45)",1,30,60,45,150,0.5,0.24
1124,Cluster5,"(90, 105, 60)",1,90,105,60,80,0.43,0.41
1126,Cluster2,"(60, 45, 60)",4,60,45,60,300,0.25,0.24
1146,Cluster2,"(45, 15, 15)",2,45,15,15,0,0.67,0.18
1147,Cluster1,"(60, 75, 105)",1,60,75,105,220,0.43,0.41
1163,Cluster5,"(120, 150, 165)",3,120,150,165,200,0.27,0.65
1166,Cluster3,"(0, 60, 90)",1,0,60,90,200,1,0.35
1175,Cluster2,"(195, 135, 90)",2,195,135,90,25.71,0.54,0.76
1177,Cluster2,"(165, 90, 30)",2,165,90,30,26.67,0.82,0.65
1179,Cluster5,"(15, 45, 45)",1,15,45,45,180,0.67,0.18
1183,Cluster5,"(75, 90, 75)",5,75,90,75,120,0.17,0.35
1187,Cluster1,"(180, 120, 15)",1,180,120,15,38.18,0.92,0.71
1187,Cluster3,"(210, 165, 45)",1,210,165,45,43.64,0.79,0.82
1192,Cluster1,"(150, 120, 150)",1,150,120,150,300,0.2,0.59
1204,Cluster3,"(0, 30, 75)",1,0,30,75,216,1,0.29
1214,Cluster4,"(75, 15, 15)",2,75,15,15,0,0.8,0.29
1219,Cluster1,"(195, 180, 195)",1,195,180,195,300,0.08,0.76
1226,Cluster1,"(120, 135, 105)",1,120,135,105,90,0.22,0.53
1227,Cluster4,"(75, 120, 150)",3,75,120,150,204,0.5,0.59
1233,Cluster3,"(150, 120, 30)",1,150,120,30,45,0.8,0.59
1236,Cluster4,"(30, 75, 75)",1,30,75,75,180,0.6,0.29
1237,Cluster2,"(240, 180, 120)",1,240,180,120,30,0.5,0.94
1238,Cluster3,"(240, 195, 120)",1,240,195,120,37.5,0.5,0.94
1239,Cluster3,"(45, 15, 0)",3,45,15,0,20,1,0.18
1247,Cluster2,"(225, 180, 135)",2,225,180,135,30,0.4,0.88
1248,Cluster3,"(225, 165, 90)",1,225,165,90,33.33,0.6,0.88
1256,Cluster4,"(90, 30, 30)",1,90,30,30,0,0.67,0.35
1263,Cluster2,"(105, 120, 75)",2,105,120,75,80,0.37,0.47
1269,Cluster2,"(225, 195, 120)",5,225,195,120,42.86,0.47,0.88
1270,Cluster3,"(45, 60, 60)",5,45,60,60,180,0.25,0.24
1280,Cluster4,"(240, 180, 105)",2,240,180,105,33.33,0.56,0.94
1280,Cluster3,"(195, 135, 75)",3,195,135,75,30,0.62,0.76
1282,Cluster4,"(30, 90, 90)",2,30,90,90,180,0.67,0.35
1287,Cluster4,"(90, 120, 150)",3,90,120,150,210,0.4,0.59
1294,Cluster3,"(75, 120, 135)",1,75,120,135,195,0.44,0.53
1300,Cluster5,"(90, 15, 15)",1,90,15,15,0,0.83,0.35
1323,Cluster2,"(180, 180, 195)",1,180,180,195,240,0.08,0.76
1324,Cluster1,"(30, 60, 60)",1,30,60,60,180,0.5,0.24
1326,Cluster1,"(210, 180, 180)",2,210,180,180,0,0.14,0.82
1327,Cluster5,"(60, 90, 60)",2,60,90,60,120,0.33,0.35
1332,Cluster4,"(60, 75, 120)",1,60,75,120,225,0.5,0.47
1367,Cluster1,"(30, 60, 75)",1,30,60,75,200,0.6,0.29
1375,Cluster2,"(150, 75, 30)",2,150,75,30,22.5,0.8,0.59
1376,Cluster1,"(30, 45, 15)",1,30,45,15,90,0.67,0.18
1380,Cluster4,"(180, 135, 30)",1,180,135,30,42,0.83,0.71
1383,Cluster3,"(240, 210, 150)",1,240,210,150,40,0.37,0.94
1408,Cluster2,"(105, 165, 195)",1,105,165,195,200,0.46,0.76
1409,Cluster3,"(195, 195, 150)",1,195,195,150,60,0.23,0.76
1438,Cluster4,"(225, 150, 15)",1,225,150,15,38.57,0.93,0.88
1440,Cluster3,"(45, 75, 90)",3,45,75,90,200,0.5,0.35
1444,Cluster3,"(135, 135, 75)",1,135,135,75,60,0.44,0.53
1444,Cluster1,"(75, 90, 45)",1,75,90,45,80,0.5,0.35
1452,Cluster5,"(180, 150, 60)",1,180,150,60,45,0.67,0.71
1452,Cluster3,"(15, 30, 45)",1,15,30,45,210,0.67,0.18
1452,Cluster4,"(165, 195, 165)",1,165,195,165,120,0.15,0.76
1453,Cluster2,"(15, 45, 30)",1,15,45,30,150,0.67,0.18
1454,Cluster5,"(180, 150, 150)",1,180,150,150,0,0.17,0.71
1470,Cluster5,"(165, 45, 30)",1,165,45,30,6.67,0.82,0.65
1471,Cluster4,"(60, 105, 150)",1,60,105,150,210,0.6,0.59
1471,Cluster5,"(15, 60, 90)",1,15,60,90,204,0.83,0.35
1473,Cluster4,"(120, 165, 180)",1,120,165,180,195,0.33,0.71
1478,Cluster3,"(15, 75, 105)",1,15,75,105,200,0.86,0.41
1479,Cluster1,"(120, 120, 135)",3,120,120,135,240,0.11,0.53
1486,Cluster5,"(240, 195, 105)",2,240,195,105,40,0.56,0.94
1489,Cluster1,"(135, 150, 120)",1,135,150,120,90,0.2,0.59
1500,Cluster4,"(60, 90, 75)",1,60,90,75,150,0.33,0.35
1513,Cluster2,"(240, 150, 120)",1,240,150,120,15,0.5,0.94
1526,Cluster4,"(45, 60, 120)",1,45,60,120,228,0.62,0.47
1526,Cluster2,"(105, 105, 120)",1,105,105,120,240,0.13,0.47
1542,Cluster2,"(75, 60, 75)",2,75,60,75,300,0.2,0.29
1545,Cluster4,"(225, 225, 180)",1,225,225,180,60,0.2,0.88
1552,Cluster3,"(180, 165, 180)",1,180,165,180,300,0.08,0.71
1556,Cluster2,"(60, 75, 150)",1,60,75,150,230,0.6,0.59
1561,Cluster5,"(210, 120, 60)",1,210,120,60,24,0.71,0.82
1563,Cluster1,"(150, 135, 60)",1,150,135,60,50,0.6,0.59
1577,Cluster5,"(165, 180, 150)",1,165,180,150,90,0.17,0.71
1589,Cluster4,"(45, 90, 150)",1,45,90,150,214.29,0.7,0.59
1593,Cluster4,"(195, 150, 60)",1,195,150,60,40,0.69,0.76
1603,Cluster3,"(165, 105, 45)",2,165,105,45,30,0.73,0.65
1607,Cluster3,"(150, 150, 165)",1,150,150,165,240,0.09,0.65
1615,Cluster4,"(90, 75, 150)",1,90,75,150,252,0.5,0.59
1627,Cluster4,"(210, 105, 45)",1,210,105,45,21.82,0.79,0.82
1634,Cluster1,"(45, 15, 45)",1,45,15,45,300,0.67,0.18
1649,Cluster1,"(105, 105, 45)",1,105,105,45,60,0.57,0.41
1652,Cluster5,"(210, 105, 75)",1,210,105,75,13.33,0.64,0.82
1652,Cluster3,"(180, 90, 60)",2,180,90,60,15,0.67,0.71
1654,Cluster1,"(195, 105, 75)",1,195,105,75,15,0.62,0.76
1662,Cluster1,"(45, 60, 90)",1,45,60,90,220,0.5,0.35
1678,Cluster5,"(45, 90, 105)",1,45,90,105,195,0.57,0.41
1682,Cluster5,"(75, 105, 135)",1,75,105,135,210,0.44,0.53
1685,Cluster5,"(180, 45, 15)",1,180,45,15,10.91,0.92,0.71
1693,Cluster3,"(120, 30, 15)",1,120,30,15,8.57,0.88,0.47
1695,Cluster1,"(15, 60, 60)",1,15,60,60,180,0.75,0.24
1702,Cluster5,"(45, 90, 135)",1,45,90,135,210,0.67,0.53
1707,Cluster5,"(135, 30, 15)",1,135,30,15,7.5,0.89,0.53
1708,Cluster5,"(255, 255, 210)",1,255,255,210,60,0.18,1
1716,Cluster3,"(60, 105, 165)",1,60,105,165,214.29,0.64,0.65
1717,Cluster3,"(120, 150, 135)",1,120,150,135,150,0.2,0.59
1724,Cluster3,"(165, 90, 60)",1,165,90,60,17.14,0.64,0.65
1725,Cluster3,"(180, 105, 90)",1,180,105,90,10,0.5,0.71
1725,Cluster2,"(120, 120, 150)",1,120,120,150,240,0.2,0.59
1730,Cluster4,"(75, 135, 150)",1,75,135,150,192,0.5,0.59
1732,Cluster1,"(90, 105, 135)",3,90,105,135,220,0.33,0.53
1734,Cluster4,"(105, 60, 60)",1,105,60,60,0,0.43,0.41
1737,Cluster3,"(240, 165, 75)",1,240,165,75,32.73,0.69,0.94
1738,Cluster5,"(225, 165, 60)",1,225,165,60,38.18,0.73,0.88
1746,Cluster5,"(150, 75, 75)",1,150,75,75,0,0.5,0.59
1753,Cluster2,"(60, 60, 90)",2,60,60,90,240,0.33,0.35
1754,Cluster5,"(105, 120, 165)",1,105,120,165,225,0.36,0.65
1755,Cluster2,"(75, 75, 105)",1,75,75,105,240,0.29,0.41
1756,Cluster2,"(30, 60, 120)",1,30,60,120,220,0.75,0.47
1769,Cluster5,"(30, 75, 135)",1,30,75,135,214.29,0.78,0.53
1775,Cluster4,"(165, 75, 75)",1,165,75,75,0,0.55,0.65
1781,Cluster5,"(45, 75, 120)",1,45,75,120,216,0.62,0.47
1784,Cluster5,"(120, 75, 75)",1,120,75,75,0,0.37,0.47
1786,Cluster2,"(180, 105, 60)",1,180,105,60,22.5,0.67,0.71
1793,Cluster3,"(240, 225, 240)",1,240,225,240,300,0.06,0.94
1808,Cluster4,"(180, 105, 105)",1,180,105,105,0,0.42,0.71
1808,Cluster2,"(195, 120, 120)",1,195,120,120,0,0.38,0.76
1808,Cluster1,"(135, 75, 75)",1,135,75,75,0,0.44,0.53
1818,Cluster4,"(210, 210, 225)",1,210,210,225,240,0.07,0.88
1819,Cluster2,"(210, 120, 75)",1,210,120,75,20,0.64,0.82
